frame,frame_ms,eye_x,eye_y,eye_z,step_m,yaw_step_deg,visual_error_m,body_x,body_z,gc0,gc1,gc2,phys_ticks,proc_ms,phys_proc_ms
0,42.2440,-2.35659,1.86358,-2.33456,0.352619,6.02592,0.00000,-2.35587,-2.33358,1,1,1,8,561.3420,16.5870
1,8.3810,-2.30814,1.69463,-2.26937,0.187459,6.32379,0.00000,-2.28428,-2.23727,1,1,1,3,604.8330,14.6890
2,128.4100,-2.17126,1.05705,-2.08520,0.677622,1.52289,0.00000,-2.16498,-2.07675,2,2,1,5,604.8330,14.6890
3,230.2620,-1.97975,1.04083,-1.82752,0.321464,4.30267,0.00000,-1.97410,-1.81991,2,2,1,8,604.8330,14.6890
4,256.0660,-1.78679,1.04083,-1.56789,0.323482,6.01976,0.00000,-1.78322,-1.56308,2,2,1,8,604.8330,14.6890
5,515.9700,-1.61619,1.04083,-1.33835,0.285988,6.06529,0.00000,-1.59233,-1.30625,2,2,1,8,495.5740,26.8170
6,251.0700,-1.42412,1.04083,-1.07992,0.321996,5.36228,0.00000,-1.40145,-1.04941,2,2,1,8,495.5740,26.8170
7,251.2660,-1.22887,1.04083,-0.81720,0.327325,6.03741,0.00000,-1.21057,-0.79258,2,2,1,8,495.5740,26.8170
8,511.1510,-1.02429,1.04083,-0.54195,0.342951,6.13734,0.00000,-1.01968,-0.53574,2,2,1,8,490.1230,4.5030
9,249.6540,-0.85266,1.04083,-0.31101,0.287729,6.43033,0.00000,-0.82880,-0.27891,2,2,1,8,490.1230,4.5030
10,255.1840,-0.66039,1.04083,-0.05232,0.322325,5.39492,0.00000,-0.63792,-0.02208,2,2,1,8,490.1230,4.5030
11,500.1660,-0.44703,1.04083,0.23476,0.357675,6.04359,0.00000,-0.44703,0.23476,2,2,1,8,481.3030,3.0210
12,508.3490,-0.25615,1.04083,0.49159,0.320000,6.70641,0.00000,-0.25615,0.49159,2,2,1,8,481.3030,3.0210
13,604.8500,-0.06535,1.04083,0.74831,0.319856,6.00001,0.00000,-0.06527,0.74843,2,2,1,8,591.4040,3.0370
14,522.9900,0.10400,1.04083,0.97617,0.283901,5.99729,0.00000,0.12562,1.00526,2,2,1,8,591.4040,3.0370
15,616.2310,0.29264,1.04083,1.22999,0.316243,5.32314,0.00000,0.31650,1.26209,2,2,1,8,597.4760,3.1520
16,255.4350,0.49186,1.04083,1.49804,0.333974,5.92956,0.00000,0.50738,1.51893,2,2,1,8,597.4760,3.1520
17,246.3110,0.68279,1.04083,1.75494,0.320084,6.26202,0.00000,0.69827,1.77576,2,2,1,8,230.6700,3.4170
18,255.6720,0.87901,1.04083,2.01895,0.328940,6.00157,0.00000,0.88915,2.03260,2,2,1,8,230.6700,3.4170
19,251.0660,1.07321,1.04083,2.28024,0.325557,6.16763,0.00000,1.08003,2.28943,2,2,1,8,230.6700,3.4170
20,515.2670,1.26310,1.04083,2.53574,0.318335,6.10417,0.00000,1.27092,2.54626,2,2,1,8,230.6700,3.4170
21,248.1220,1.43794,1.04083,2.77099,0.293111,5.96878,0.00000,1.46180,2.80310,2,2,1,8,494.1640,3.1450
22,253.6810,1.62882,1.04083,3.02783,0.320000,5.49583,0.00000,1.64907,3.05632,2,2,1,8,494.1640,3.1450
23,252.2250,1.70951,1.04083,3.12150,0.123636,6.00000,0.00000,1.71461,3.10220,2,2,1,8,494.1640,3.1450
24,259.1950,1.75156,1.04083,2.83407,0.290489,6.00339,0.00000,1.75535,2.80449,2,2,1,8,234.5360,3.2060
25,249.1220,1.79351,1.04083,2.50701,0.329740,6.18750,0.00000,1.79607,2.48710,2,2,1,8,234.5360,3.2060
26,775.4600,1.83655,1.04083,2.17157,0.338190,6.18263,0.00000,1.83679,2.16970,2,2,1,8,234.5360,3.2060
27,490.4590,1.87482,1.04083,1.87325,0.300762,6.34111,0.00000,1.87751,1.85230,2,2,1,8,754.5650,3.2250
28,255.4310,1.91314,1.04083,1.57458,0.301125,5.63928,0.00000,1.91823,1.53490,2,2,1,8,231.3490,2.8430
29,249.7230,1.95385,1.04083,1.25718,0.320001,5.64609,0.00000,1.95894,1.21750,2,2,1,8,231.3490,2.8430
30,505.1480,1.99881,1.04083,0.90678,0.353268,6.00000,0.00000,1.99966,0.90010,2,2,1,8,231.3490,2.8430
31,246.5120,2.03529,1.04083,0.62238,0.286732,6.62376,0.00000,2.04038,0.58270,2,2,1,8,481.4720,2.9990
32,262.0630,2.07753,1.04083,0.29310,0.331978,5.37622,0.00000,2.08110,0.26530,2,2,1,8,481.4720,2.9990
33,514.0750,2.11673,1.04083,-0.01242,0.308022,6.22461,0.00000,2.12182,-0.05209,2,2,1,8,481.4720,2.9990
34,251.4790,2.15879,1.04083,-0.34029,0.330561,5.77541,0.00000,2.16253,-0.36949,2,2,1,8,496.0070,3.1270
35,251.3160,2.20128,1.04083,-0.67150,0.333917,6.19800,0.00000,2.20325,-0.68689,2,2,1,8,496.0070,3.1270
36,515.4140,2.23888,1.04083,-0.96462,0.295522,6.26097,0.00000,2.24397,-1.00429,2,2,1,8,496.0070,3.1270
37,248.9690,2.28132,1.04083,-1.29541,0.333505,5.54103,0.00000,2.28469,-1.32169,2,2,1,8,491.7210,3.3300
38,259.4130,2.31162,1.04083,-1.61008,0.316129,6.25319,0.00000,2.31162,-1.61742,2,2,1,8,491.7210,3.3300
39,506.9120,2.31668,1.04083,-1.66735,0.057488,6.30595,0.00000,2.31793,-1.64561,2,2,1,8,491.7210,3.3300
40,254.9360,2.32723,1.04083,-1.36224,0.305291,5.44086,0.00000,2.32787,-1.34141,2,2,1,8,492.3860,3.1090
41,251.9470,2.33765,1.04083,-1.02659,0.335806,6.35934,0.00000,2.33781,-1.02157,2,2,1,8,492.3860,3.1090
42,512.6070,2.34650,1.04083,-0.74170,0.285030,6.29637,0.00000,2.34774,-0.70172,2,2,1,8,492.3860,3.1090
43,246.6210,2.35697,1.04083,-0.40463,0.337233,5.34427,0.00000,2.35768,-0.38188,2,2,1,8,488.7230,3.0800
44,258.2640,2.36738,1.04083,-0.06969,0.335098,6.32312,0.00000,2.36761,-0.06203,2,2,1,8,488.7230,3.0800
45,507.8500,2.37631,1.04083,0.21784,0.287669,6.28308,0.00000,2.37755,0.25782,2,2,1,8,488.7230,3.0800
46,254.3290,2.38685,1.04083,0.55717,0.339494,5.39380,0.00000,2.38749,0.57766,2,2,1,8,490.2520,3.1240
47,248.3550,2.39686,1.04083,0.87960,0.322592,6.36554,0.00000,2.39742,0.89751,2,2,1,8,490.2520,3.1240
48,256.4920,2.40716,1.04083,1.21103,0.331585,6.04858,0.00000,2.40736,1.21735,2,2,1,8,490.2520,3.1240
49,249.8430,2.41724,1.04083,1.53563,0.324762,6.21722,0.00000,2.41729,1.53720,2,2,1,8,490.2520,3.1240
50,504.5950,2.42598,1.04083,1.81707,0.281568,6.08926,0.00000,2.42723,1.85705,2,2,1,8,483.5510,3.0900
51,500.9340,2.43631,1.04083,2.14941,0.332508,5.27939,0.00000,2.43716,2.17689,2,2,1,8,483.5510,3.0900
52,582.6210,2.44585,1.04083,2.45676,0.307491,6.23456,0.00000,2.44710,2.49674,2,2,1,8,560.5730,2.9630
53,500.7470,2.45455,1.04083,2.78319,0.326548,5.76544,0.00000,2.45455,2.80575,2,2,1,8,560.5730,2.9630
54,697.0330,2.45546,1.04083,2.90145,0.118263,6.23352,0.00000,2.45577,2.88698,2,2,1,8,676.4110,2.8420
55,249.9840,2.45789,1.04083,2.63759,0.263867,5.76651,0.00000,2.45816,2.60192,2,2,1,8,676.4110,2.8420
56,260.2280,2.46039,1.04083,2.30391,0.333692,6.08118,0.00000,2.46055,2.28193,2,2,1,8,236.6520,2.9720
57,496.0930,2.46294,1.04083,1.96194,0.341978,6.25674,0.00000,2.46294,1.96194,2,2,1,8,236.6520,2.9720
58,505.9220,2.46523,1.04083,1.65557,0.306375,6.41205,0.00000,2.46533,1.64195,2,2,1,8,236.6520,2.9720
59,579.4630,2.46761,1.04083,1.33710,0.318480,5.74457,0.00000,2.46772,1.32196,2,2,1,8,562.4460,3.0470
60,255.7810,2.46981,1.04083,1.04197,0.295145,5.97147,0.00000,2.47011,1.00197,2,2,1,8,562.4460,3.0470
61,246.6620,2.47220,1.04083,0.72198,0.320000,5.53397,0.00000,2.47250,0.68198,2,2,1,8,232.1500,2.9910
62,254.8690,2.47459,1.04083,0.40198,0.320000,6.00000,0.00000,2.47489,0.36199,2,2,1,8,232.1500,2.9910
63,250.3510,2.47705,1.04083,0.07199,0.330000,6.00000,0.00000,2.47728,0.04199,2,2,1,8,232.1500,2.9910
64,503.6660,2.47967,1.04083,-0.27800,0.350000,6.18753,0.00000,2.47967,-0.27800,2,2,1,8,232.1500,2.9910
65,517.4670,2.48176,1.04083,-0.55799,0.280000,6.56250,0.00000,2.48206,-0.59799,2,2,1,8,499.9140,3.0900
66,752.9870,2.48415,1.04083,-0.87798,0.320000,5.25000,0.00000,2.48445,-0.91798,2,2,1,8,731.5300,2.9830
67,500.5100,2.48654,1.04083,-1.19797,0.320000,6.00000,0.00000,2.48684,-1.23797,2,2,1,8,731.5300,2.9830
68,722.9520,2.48893,1.04083,-1.54133,0.343363,5.99997,0.00000,2.48893,-1.55435,2,2,1,8,699.1700,3.0330
69,245.3810,2.48908,1.04083,-1.69045,0.149127,6.48157,0.00000,2.48915,-1.68295,2,2,1,8,699.1700,3.0330
70,256.7450,2.48967,1.04083,-1.46350,0.226951,5.51843,0.00000,2.48974,-1.42350,2,2,1,8,234.4380,2.9020
71,252.8140,2.49026,1.04083,-1.13849,0.325011,6.00000,0.00000,2.49032,-1.10350,2,2,1,8,234.4380,2.9020
72,254.0900,2.49086,1.04083,-0.80849,0.330000,6.09396,0.00000,2.49091,-0.78350,2,2,1,8,234.4380,2.9020
73,253.2520,2.49146,1.04083,-0.48049,0.328000,6.18750,0.00000,2.49149,-0.46350,2,2,1,8,234.4380,2.9020
74,256.7700,2.49200,1.04083,-0.18350,0.296990,6.14999,0.00000,2.49207,-0.14350,2,2,1,8,235.8670,3.1640
75,510.9840,2.49263,1.04083,0.16239,0.345898,5.56854,0.00000,2.49266,0.17649,2,2,1,8,235.8670,3.1640
76,256.9020,2.49317,1.04083,0.45649,0.294102,6.48560,0.00000,2.49324,0.49649,2,2,1,8,492.3660,3.0430
77,249.2940,2.49376,1.04083,0.77863,0.322135,5.51440,0.00000,2.49382,0.81649,2,2,1,8,492.3660,3.0430
78,508.5810,2.49441,1.04083,1.13649,0.357866,6.04004,0.00000,2.49441,1.13649,2,2,1,8,492.3660,3.0430
79,274.2260,2.49495,1.04083,1.43442,0.297924,6.70996,0.00000,2.49499,1.45649,3,3,2,8,485.8740,3.1470
80,233.8610,2.49550,1.04083,1.73649,0.302076,5.58606,0.00000,2.49558,1.77649,3,3,2,8,485.8740,3.1470
81,494.1670,2.49614,1.04083,2.08596,0.349466,5.66397,0.00000,2.49616,2.09649,3,3,2,8,485.8740,3.1470
82,252.6070,2.49667,1.04083,2.37649,0.290535,6.55252,0.00000,2.49674,2.41649,3,3,2,8,479.8890,25.8400
83,252.1410,2.49725,1.04083,2.69745,0.320961,5.44748,0.00000,2.49733,2.73649,3,3,2,8,479.8890,25.8400
84,521.1000,2.49734,1.04083,2.90955,0.212093,6.01801,0.00000,2.49736,2.90899,3,3,2,8,479.8890,25.8400
85,245.1960,2.49749,1.04083,2.71989,0.189656,5.98199,0.00000,2.49750,2.68205,3,3,2,8,497.9380,2.9920
86,253.8390,2.49763,1.04083,2.39521,0.324682,6.04041,0.00000,2.49764,2.36205,3,3,2,8,497.9380,2.9920
87,519.4980,2.49777,1.04083,2.08205,0.313161,6.08777,0.00000,2.49779,2.04205,3,3,2,8,497.9380,2.9920
88,252.7800,2.49792,1.04083,1.74228,0.339772,5.87183,0.00000,2.49793,1.72205,3,3,2,8,502.8230,2.8520
89,248.8970,2.49806,1.04083,1.42062,0.321653,6.37067,0.00000,2.49807,1.40205,3,3,2,8,502.8230,2.8520
90,255.6470,2.49821,1.04083,1.09089,0.329734,6.03107,0.00000,2.49821,1.08205,3,3,2,8,502.8230,2.8520
91,249.4940,2.49835,1.04083,0.76781,0.323077,6.18250,0.00000,2.49835,0.76205,3,3,2,8,502.8230,2.8520
92,522.4500,2.49849,1.04083,0.44648,0.321333,6.05768,0.00000,2.49849,0.44205,3,3,2,8,498.7130,2.9920
93,247.8610,2.49862,1.04083,0.15924,0.287238,6.02502,0.00000,2.49863,0.12205,3,3,2,8,498.7130,2.9920
94,257.5600,2.49876,1.04083,-0.16620,0.325441,5.38568,0.00000,2.49877,-0.19795,3,3,2,8,498.7130,2.9920
95,535.0940,2.49891,1.04083,-0.50104,0.334836,6.10205,0.00000,2.49891,-0.51795,3,3,2,8,521.0640,2.8790
96,469.1170,2.49904,1.04083,-0.81689,0.315856,6.27820,0.00000,2.49905,-0.83795,3,3,2,8,521.0640,2.8790
97,245.7960,2.49918,1.04083,-1.13705,0.320156,5.92224,0.00000,2.49919,-1.15795,3,3,2,8,445.5910,3.0300
98,257.5220,2.49933,1.04083,-1.46004,0.322993,6.00299,0.00000,2.49933,-1.47795,3,3,2,8,445.5910,3.0300
99,248.0180,2.49935,1.04083,-1.68969,0.229646,6.05603,0.00000,2.49936,-1.69101,3,3,2,8,445.5910,3.0300
100,256.8710,2.49939,1.04083,-1.50380,0.185888,6.22449,0.00000,2.49939,-1.50351,3,3,2,8,445.5910,3.0300
101,504.5760,2.49942,1.04083,-1.22351,0.280292,6.10590,0.00000,2.49942,-1.18351,3,3,2,8,485.3170,3.0700
102,251.6920,2.49946,1.04083,-0.88769,0.335814,5.25549,0.00000,2.49946,-0.86351,3,3,2,8,485.3170,3.0700
103,250.5660,2.49949,1.04083,-0.56387,0.323819,6.29651,0.00000,2.49949,-0.54351,3,3,2,8,485.3170,3.0700
104,255.0280,2.49953,1.04083,-0.23230,0.331575,6.07159,0.00000,2.49953,-0.22351,3,3,2,8,233.1230,3.1340
105,252.3850,2.49956,1.04083,0.05965,0.291950,6.21704,0.00000,2.49956,0.09649,3,3,2,8,233.1230,3.1340
106,504.5640,2.49960,1.04083,0.41649,0.356842,5.47406,0.00000,2.49960,0.41649,3,3,2,8,233.1230,3.1340
107,245.2560,2.49963,1.04083,0.70091,0.284413,6.69073,0.00000,2.49963,0.73649,3,3,2,8,480.6340,3.1860
108,256.5540,2.49966,1.04083,1.02391,0.323002,5.33276,0.00000,2.49966,1.05649,3,3,2,8,480.6340,3.1860
109,249.9640,2.49970,1.04083,1.35605,0.332139,6.05627,0.00000,2.49970,1.37649,3,3,2,8,480.6340,3.1860
110,256.7960,2.49973,1.04083,1.68605,0.330000,6.22766,0.00000,2.49973,1.69649,3,3,2,8,480.6340,3.1860
111,244.6180,2.49976,1.04083,1.97649,0.290445,6.18750,0.00000,2.49977,2.01649,3,3,2,8,236.2580,2.9980
112,261.1990,2.49980,1.04083,2.30982,0.333333,5.44586,0.00000,2.49980,2.33649,3,3,2,8,236.2580,2.9980
113,490.8170,2.49983,1.04083,2.64313,0.333301,6.24994,0.00000,2.49984,2.65649,3,3,2,8,236.2580,2.9980
114,255.0010,2.49984,1.04083,2.88232,0.239199,6.24945,0.00000,2.49984,2.90066,3,3,2,8,476.4230,2.8510
115,246.9730,2.49985,1.04083,2.80205,0.080278,5.50055,0.00000,2.49985,2.76205,3,3,2,8,476.4230,2.8510
116,531.3170,2.49986,1.04083,2.46139,0.340655,6.00000,0.00000,2.49986,2.44205,3,3,2,8,476.4230,2.8510
117,247.0510,2.49987,1.04083,2.16205,0.299344,6.38733,0.00000,2.49987,2.12205,3,3,2,8,509.5520,3.1210
118,256.1500,2.49987,1.04083,1.84205,0.320000,5.61273,0.00000,2.49988,1.80205,3,3,2,8,509.5520,3.1210
119,248.4730,2.49988,1.04083,1.52205,0.320000,6.00000,0.00000,2.49988,1.48205,3,3,2,8,509.5520,3.1210
120,258.9890,2.49989,1.04083,1.19205,0.330000,6.00000,0.00000,2.49989,1.16205,3,3,2,8,509.5520,3.1210
121,251.8370,2.49990,1.04083,0.86405,0.328000,6.18750,0.00000,2.49990,0.84205,3,3,2,8,235.9950,3.0690
122,258.0010,2.49990,1.04083,0.56205,0.302000,6.14996,0.00000,2.49991,0.52205,3,3,2,8,235.9950,3.0690
123,250.4790,2.49991,1.04083,0.23405,0.328000,5.66248,0.00000,2.49991,0.20205,3,3,2,8,235.9950,3.0690
124,767.7900,2.49992,1.04083,-0.11475,0.348802,6.15002,0.00000,2.49992,-0.11795,3,3,2,8,235.9950,3.0690
125,249.2690,2.49993,1.04083,-0.39795,0.283198,6.54004,0.00000,2.49993,-0.43795,3,3,2,8,747.3670,2.9890
126,259.5620,2.49994,1.04083,-0.72899,0.331036,5.30994,0.00000,2.49994,-0.75795,3,3,2,8,747.3670,2.9890
127,506.9250,2.49995,1.04083,-1.07708,0.348094,6.20697,0.00000,2.49995,-1.07795,3,3,2,8,492.9520,2.9690
128,253.6200,2.49996,1.04083,-1.36116,0.284077,6.52679,0.00000,2.49996,-1.39795,3,3,2,8,492.9520,2.9690
129,503.4150,2.49996,1.04083,-1.66378,0.302626,5.32642,0.00000,2.49996,-1.66378,3,3,2,8,492.9520,2.9690
130,517.4900,2.49996,1.04083,-1.61878,0.045000,6.68988,0.00000,2.49996,-1.58351,3,3,2,8,497.2370,3.0970
131,248.8930,2.49996,1.04083,-1.28865,0.330131,5.25000,0.00000,2.49996,-1.26351,3,3,2,8,231.8240,2.8140
132,258.3540,2.49997,1.04083,-0.95320,0.335456,6.27850,0.00000,2.49997,-0.94351,3,3,2,8,231.8240,2.8140
133,511.6710,2.49997,1.04083,-0.64021,0.312991,6.28979,0.00000,2.49997,-0.62351,3,3,2,8,231.8240,2.8140
134,256.5600,2.49997,1.04083,-0.34351,0.296700,5.86859,0.00000,2.49997,-0.30351,3,3,2,8,494.8540,2.9450
135,251.1300,2.49997,1.04083,-0.02351,0.320000,5.56311,0.00000,2.49997,0.01649,3,3,2,8,494.8540,2.9450
136,497.3750,2.49997,1.04083,0.32783,0.351338,6.00000,0.00000,2.49997,0.33649,3,3,2,8,494.8540,2.9450
137,248.4170,2.49997,1.04083,0.61649,0.288662,6.58759,0.00000,2.49998,0.65649,3,3,2,8,477.0370,3.0100
138,253.3640,2.49998,1.04083,0.93649,0.320000,5.41235,0.00000,2.49998,0.97649,3,3,2,8,477.0370,3.0100
139,252.2680,2.49998,1.04083,1.26129,0.324796,6.00000,0.00000,2.49998,1.29649,3,3,2,8,477.0370,3.0100
140,258.1510,2.49998,1.04083,1.59462,0.333333,6.08997,0.00000,2.49998,1.61649,3,3,2,8,477.0370,3.0100
141,537.3320,2.49998,1.04083,1.92932,0.334692,6.25000,0.00000,2.49998,1.93649,3,3,2,8,520.0260,2.8700
142,481.9240,2.49998,1.04083,2.21649,0.287176,6.27551,0.00000,2.49998,2.25649,3,3,2,8,520.0260,2.8700
143,248.3610,2.49999,1.04083,2.53649,0.320000,5.38458,0.00000,2.49999,2.57649,3,3,2,8,461.6380,2.8440
144,257.4080,2.49999,1.04083,2.83490,0.298414,6.00000,0.00000,2.49999,2.86038,3,3,2,8,461.6380,2.8440
145,496.2060,2.49999,1.04083,2.84343,0.008523,6.00232,0.00000,2.49999,2.83732,3,3,2,8,461.6380,2.8440
146,557.6370,2.49999,1.04083,2.56205,0.281379,6.58612,0.00000,2.49999,2.52205,3,3,2,8,534.1830,3.0370
147,498.5600,2.49999,1.04083,2.23909,0.322953,5.41156,0.00000,2.49999,2.20205,3,3,2,8,534.1830,3.0370
148,250.5180,2.49999,1.04083,1.91895,0.320148,6.05536,0.00000,2.49999,1.88205,3,3,2,8,479.2980,3.2800
149,249.8020,2.49999,1.04083,1.59423,0.324721,6.00275,0.00000,2.49999,1.56205,3,3,2,8,479.2980,3.2800
150,256.7780,2.49999,1.04083,1.26380,0.330425,6.08856,0.00000,2.49999,1.24205,3,3,2,8,479.2980,3.2800
151,248.6550,2.49999,1.04083,0.94276,0.321037,6.19543,0.00000,2.49999,0.92205,3,3,2,8,479.2980,3.2800
152,502.2350,2.49999,1.04083,0.62114,0.321620,6.01947,0.00000,2.49999,0.60205,3,3,2,8,480.0020,2.9660
153,248.4180,2.49999,1.04083,0.32205,0.299095,6.03040,0.00000,2.49999,0.28205,3,3,2,8,480.0020,2.9660
154,255.1880,2.49999,1.04083,0.00205,0.320000,5.60797,0.00000,2.49999,-0.03795,3,3,2,8,480.0020,2.9660
155,289.8810,2.49999,1.04083,-0.31795,0.320000,5.99994,0.00000,2.49999,-0.35795,5,5,3,8,232.1990,3.1900
156,214.3870,2.49999,1.04083,-0.64795,0.330000,6.00012,0.00000,2.49999,-0.67795,5,5,3,8,232.1990,3.1900
157,506.6770,2.49999,1.04083,-0.98312,0.335173,6.18750,0.00000,2.49999,-0.99795,5,5,3,8,232.1990,3.1900
158,261.6230,2.49999,1.04083,-1.27795,0.294827,6.28455,0.00000,2.49999,-1.31795,5,5,3,8,490.0300,41.6500
159,243.7490,2.50000,1.04083,-1.58712,0.309166,5.52795,0.00000,2.50000,-1.61628,5,5,3,8,490.0300,41.6500
160,519.6210,2.50000,1.04083,-1.64783,0.060710,5.99994,0.00000,2.50000,-1.64712,5,5,3,8,490.0300,41.6500
161,247.4480,2.50000,1.04083,-1.38351,0.264321,6.72516,0.00000,2.50000,-1.34351,5,5,3,8,498.5010,3.0430
162,253.6490,2.50000,1.04083,-1.06103,0.322477,5.27490,0.00000,2.50000,-1.02351,5,5,3,8,498.5010,3.0430
163,248.9440,2.50000,1.04083,-0.74068,0.320350,6.04639,0.00000,2.50000,-0.70351,5,5,3,8,498.5010,3.0430
164,254.4340,2.50000,1.04083,-0.41068,0.330000,6.00665,0.00000,2.50000,-0.38351,5,5,3,8,498.5010,3.0430
165,250.6020,2.50000,1.04083,-0.08268,0.328000,6.18750,0.00000,2.50000,-0.06351,5,5,3,8,233.7500,2.9390
166,258.6860,2.50000,1.04083,0.21649,0.299172,6.15002,0.00000,2.50000,0.25649,5,5,3,8,233.7500,2.9390
167,499.5960,2.50000,1.04083,0.56795,0.351455,5.60950,0.00000,2.50000,0.57649,5,5,3,8,233.7500,2.9390
168,249.4340,2.50000,1.04083,0.85649,0.288545,6.58972,0.00000,2.50000,0.89649,5,5,3,8,480.4620,2.9560
169,248.6750,2.50000,1.04083,1.17649,0.320000,5.41022,0.00000,2.50000,1.21649,5,5,3,8,480.4620,2.9560
170,256.0250,2.50000,1.04083,1.49961,0.323114,5.99994,0.00000,2.50000,1.53649,5,5,3,8,480.4620,2.9560
171,250.3800,2.50000,1.04083,1.82961,0.330000,6.05847,0.00000,2.50000,1.85649,5,5,3,8,480.4620,2.9560
172,511.8460,2.50000,1.04083,2.16798,0.338370,6.18738,0.00000,2.50000,2.17649,5,5,3,8,491.3850,2.9500
173,248.2510,2.50000,1.04083,2.45649,0.288516,6.34448,0.00000,2.50000,2.49649,5,5,3,8,491.3850,2.9500
174,252.7820,2.50000,1.04083,2.77288,0.316389,5.40979,0.00000,2.50000,2.80566,5,5,3,8,491.3850,2.9500
175,249.9670,2.50000,1.04083,2.90149,0.128610,6.00000,0.00000,2.50000,2.88705,5,5,3,8,233.1280,3.0610
176,258.6660,2.49999,1.04083,2.62871,0.272777,6.00000,0.00000,2.50000,2.60205,5,5,3,8,233.1280,3.0610
177,505.8060,2.50000,1.04083,2.29585,0.332860,6.24988,0.00000,2.50000,2.28205,5,5,3,8,233.1280,3.0610
178,249.3530,2.50000,1.04083,2.00205,0.293806,6.24121,0.00000,2.50000,1.96205,5,5,3,8,486.0320,3.1870
179,255.2450,2.50000,1.04083,1.67889,0.323154,5.50879,0.00000,2.50000,1.64205,5,5,3,8,486.0320,3.1870
180,500.2770,2.50000,1.04083,1.32205,0.356845,6.05920,0.00000,2.50000,1.32205,5,5,3,8,486.0320,3.1870
181,248.7900,2.50000,1.04083,1.03947,0.282580,6.69080,0.00000,2.50000,1.00205,5,5,3,8,480.0270,3.0150
182,254.9700,2.50000,1.04083,0.71573,0.323742,5.29846,0.00000,2.50000,0.68205,5,5,3,8,480.0270,3.0150
183,251.8100,2.50000,1.04083,0.38402,0.331710,6.07007,0.00000,2.50000,0.36205,5,5,3,8,480.0270,3.0150
184,253.8420,2.50000,1.04083,0.08205,0.301968,6.21960,0.00000,2.50000,0.04205,5,5,3,8,480.0270,3.0150
185,512.8220,2.50000,1.04083,-0.27795,0.360000,5.66187,0.00000,2.50000,-0.27795,5,5,3,8,496.0670,3.5200
186,256.8440,2.50000,1.04083,-0.55795,0.280000,6.75012,0.00000,2.50000,-0.59795,5,5,3,8,496.0670,3.5200
187,245.6150,2.50000,1.04083,-0.87795,0.320000,5.24988,0.00000,2.50000,-0.91795,5,5,3,8,232.5810,2.9560
188,258.8250,2.50000,1.04083,-1.19795,0.320000,6.00012,0.00000,2.50000,-1.23795,5,5,3,8,232.5810,2.9560
189,251.3150,2.50000,1.04083,-1.52127,0.323314,6.00000,0.00000,2.50000,-1.55434,5,5,3,8,232.5810,2.9560
190,509.8320,2.50000,1.04083,-1.68548,0.164219,6.06824,0.00000,2.50000,-1.68295,5,5,3,8,232.5810,2.9560
191,251.4090,2.49999,1.04083,-1.46351,0.221978,6.42834,0.00000,2.50000,-1.42351,5,5,3,8,489.0050,3.0250
192,255.4230,2.50000,1.04083,-1.14351,0.319999,5.50330,0.00000,2.50000,-1.10351,5,5,3,8,489.0050,3.0250
193,541.0080,2.50000,1.04083,-0.80145,0.342054,6.00000,0.00000,2.50000,-0.78351,5,5,3,8,489.0050,3.0250
194,260.9350,2.50000,1.04083,-0.50351,0.297946,6.41357,0.00000,2.50000,-0.46351,5,5,3,8,522.3690,4.2510
195,243.0150,2.50000,1.04083,-0.18351,0.320000,5.58643,0.00000,2.50000,-0.14351,5,5,3,8,522.3690,4.2510
196,508.8780,2.50000,1.04083,0.17574,0.359250,6.00000,0.00000,2.50000,0.17649,5,5,3,8,522.3690,4.2510
197,243.0700,2.50000,1.04083,0.45649,0.280750,6.73596,0.00000,2.50000,0.49649,5,5,3,8,482.5950,3.5000
198,253.2050,2.50000,1.04083,0.77896,0.322471,5.26404,0.00000,2.50000,0.81649,5,5,3,8,482.5950,3.5000
199,249.4550,2.50000,1.04083,1.10222,0.323259,6.04639,0.00000,2.50000,1.13649,5,5,3,8,482.5950,3.5000
200,257.9990,2.50000,1.04083,1.41649,0.314270,6.06104,0.00000,2.50000,1.45649,5,5,3,8,237.4270,2.9700
201,498.3670,2.50000,1.04083,1.75898,0.342486,5.89258,0.00000,2.50000,1.77649,5,5,3,8,237.4270,2.9700
202,519.8780,2.50000,1.04083,2.08225,0.323267,6.42163,0.00000,2.50000,2.09649,5,5,3,8,237.4270,2.9700
203,679.3010,2.50000,1.04083,2.37649,0.294246,6.06128,0.00000,2.50000,2.41649,5,5,3,8,661.0080,2.9390
204,254.3420,2.50000,1.04083,2.71427,0.337777,5.51721,0.00000,2.50000,2.73649,5,5,3,8,230.2970,2.8950
205,250.6100,2.50000,1.04083,2.90910,0.194831,6.33325,0.00000,2.50000,2.90899,5,5,3,8,230.2970,2.8950
206,513.4520,2.50000,1.04083,2.72205,0.187052,6.27185,0.00000,2.50000,2.68205,5,5,3,8,230.2970,2.8950
207,244.0490,2.50000,1.04083,2.39243,0.329616,5.39478,0.00000,2.50000,2.36205,5,5,3,8,487.6010,2.8610
208,256.9140,2.50000,1.04083,2.05984,0.332592,6.18030,0.00000,2.50000,2.04205,5,5,3,8,487.6010,2.8610
209,511.6210,2.50000,1.04083,1.76205,0.297791,6.23608,0.00000,2.50000,1.72205,5,5,3,8,487.6010,2.8610
210,248.2270,2.50000,1.04083,1.43907,0.322981,5.58362,0.00000,2.50000,1.40205,5,5,3,8,489.5980,3.1750
211,252.1820,2.50000,1.04083,1.10622,0.332847,6.05591,0.00000,2.50000,1.08205,5,5,3,8,489.5980,3.1750
212,516.8990,2.50000,1.04083,0.80205,0.304172,6.24097,0.00000,2.50000,0.76205,5,5,3,8,489.5980,3.1750
213,246.7580,2.50000,1.04083,0.47558,0.326464,5.70312,0.00000,2.50000,0.44205,5,5,3,8,493.2560,3.2340
214,259.1800,2.50000,1.04083,0.14234,0.333246,6.12122,0.00000,2.50000,0.12205,5,5,3,8,493.2560,3.2340
215,505.9400,2.50000,1.04083,-0.15795,0.300290,6.24841,0.00000,2.50000,-0.19795,5,5,3,8,493.2560,3.2340
216,251.2230,2.50000,1.04083,-0.47944,0.321487,5.63037,0.00000,2.50000,-0.51795,5,5,3,8,487.6580,3.0950
217,250.9000,2.50000,1.04083,-0.80808,0.328643,6.02795,0.00000,2.50000,-0.83795,5,5,3,8,487.6580,3.0950
218,521.3680,2.50000,1.04083,-1.11795,0.309870,6.16199,0.00000,2.50000,-1.15795,5,5,3,8,487.6580,3.0950
219,249.1170,2.50000,1.04083,-1.45298,0.335029,5.81018,0.00000,2.50000,-1.47795,5,5,3,8,498.9020,3.1150
220,295.0900,2.49999,1.04083,-1.68664,0.233656,6.28174,0.00000,2.50000,-1.69101,5,5,3,8,498.9020,3.1150
221,209.8910,2.49999,1.04083,-1.51194,0.174694,6.09937,0.00000,2.50000,-1.50351,5,5,3,8,498.9020,3.1150
222,258.6930,2.49999,1.04083,-1.21861,0.293333,6.21069,0.00000,2.50000,-1.18351,5,5,3,8,498.9020,3.1150
223,521.3920,2.50000,1.04083,-0.88099,0.337618,5.50000,0.00000,2.50000,-0.86351,5,5,3,8,504.0050,3.0580
224,490.5000,2.50000,1.04083,-0.58351,0.297484,6.33032,0.00000,2.50000,-0.54351,5,5,3,8,504.0050,3.0580
225,246.7720,2.50000,1.04083,-0.26351,0.320000,5.57776,0.00000,2.50000,-0.22351,5,5,3,8,468.8620,2.9120
226,253.4640,2.50000,1.04083,0.05649,0.320000,6.00000,0.00000,2.50000,0.09649,5,5,3,8,468.8620,2.9120
227,265.3910,2.50000,1.04083,0.38468,0.328185,6.00000,0.00000,2.50000,0.41649,6,6,3,8,468.8620,2.9120
228,240.0140,2.50000,1.04083,0.70551,0.320835,6.15344,0.00000,2.50000,0.73649,6,6,3,8,468.8620,2.9120
229,513.8340,2.50000,1.04083,1.01649,0.310979,6.01575,0.00000,2.50000,1.05649,6,6,3,8,497.6130,3.0700
230,254.6950,2.50000,1.04083,1.34720,0.330709,5.83081,0.00000,2.50000,1.37649,6,6,3,8,497.6130,3.0700
231,247.4710,2.50000,1.04083,1.66997,0.322769,6.20081,0.00000,2.50000,1.69649,6,6,3,8,497.6130,3.0700
232,259.5200,2.50000,1.04083,2.00121,0.331234,6.05200,0.00000,2.50000,2.01649,6,6,3,8,236.4110,2.8790
233,251.7310,2.50000,1.04083,2.33121,0.330000,6.21057,0.00000,2.50000,2.33649,6,6,3,8,236.4110,2.8790
234,502.0840,2.50000,1.04083,2.61649,0.285287,6.18750,0.00000,2.50000,2.65649,6,6,3,8,236.4110,2.8790
235,248.5510,2.50000,1.04083,2.88316,0.266666,5.34924,0.00000,2.50000,2.90066,6,6,3,8,481.8790,2.9680
236,253.0210,2.49999,1.04083,2.79769,0.085467,6.03394,0.00000,2.50000,2.76205,6,6,3,8,481.8790,2.9680
237,252.7150,2.50000,1.04083,2.46750,0.330191,6.04773,0.00000,2.50000,2.44205,6,6,3,8,481.8790,2.9680
238,253.7870,2.50000,1.04083,2.14228,0.325221,6.19104,0.00000,2.50000,2.12205,6,6,3,8,481.8790,2.9680
239,523.0730,2.50000,1.04083,1.80365,0.338630,6.09790,0.00000,2.50000,1.80205,6,6,3,8,505.6650,2.9940
240,490.7860,2.50000,1.04083,1.51303,0.290619,6.34937,0.00000,2.50000,1.48205,6,6,3,8,505.6650,2.9940
241,248.0320,2.50000,1.04083,1.19182,0.321207,5.44897,0.00000,2.50000,1.16205,6,6,3,8,468.7660,2.9380
242,252.6220,2.50000,1.04083,0.86796,0.323864,6.02258,0.00000,2.50000,0.84205,6,6,3,8,468.7660,2.9380
243,252.4100,2.50000,1.04083,0.53715,0.330815,6.07251,0.00000,2.50000,0.52205,6,6,3,8,468.7660,2.9380
244,251.8420,2.50000,1.04083,0.21715,0.320000,6.20288,0.00000,2.50000,0.20205,6,6,3,8,468.7660,2.9380
245,250.0130,2.50000,1.04083,-0.10599,0.323139,5.99988,0.00000,2.50000,-0.11795,6,6,3,8,235.5920,2.8640
246,252.4500,2.50000,1.04083,-0.42989,0.323895,6.05896,0.00000,2.50000,-0.43795,6,6,3,8,235.5920,2.8640
247,252.8720,2.50000,1.04083,-0.71795,0.288062,6.07300,0.00000,2.50000,-0.75795,6,6,3,8,235.5920,2.8640
248,252.7540,2.50000,1.04083,-1.04367,0.325714,5.40125,0.00000,2.50000,-1.07795,6,6,3,8,235.5920,2.8640
249,249.3510,2.50000,1.04083,-1.36938,0.325714,6.10693,0.00000,2.50000,-1.39795,6,6,3,8,236.2000,2.9810
250,261.3400,2.50000,1.04083,-1.65177,0.282387,6.10730,0.00000,2.50000,-1.66378,6,6,3,8,236.2000,2.9810
251,488.8650,2.50000,1.04083,-1.58351,0.068261,6.12500,0.00000,2.50000,-1.58351,6,6,3,8,236.2000,2.9810
252,537.4440,2.50000,1.04083,-1.30351,0.280000,6.41064,0.00000,2.50000,-1.26351,6,6,3,8,513.6040,2.7920
253,245.6240,2.50000,1.04083,-0.97702,0.326486,5.25000,0.00000,2.50000,-0.94351,6,6,3,8,513.6040,2.7920
254,259.7450,2.50000,1.04083,-0.64074,0.336282,6.12158,0.00000,2.50000,-0.62351,6,6,3,8,513.6040,2.7920
255,526.7130,2.50000,1.04083,-0.34351,0.297232,6.30530,0.00000,2.50000,-0.30351,6,6,3,8,509.9270,3.1310
256,253.8140,2.50000,1.04083,-0.00449,0.339016,5.57312,0.00000,2.50000,0.01649,6,6,3,8,509.9270,3.1310
257,254.6640,2.50000,1.04083,0.32451,0.328998,6.35669,0.00000,2.50000,0.33649,6,6,3,8,235.0020,2.8840
258,257.0810,2.50000,1.04083,0.61674,0.292235,6.16858,0.00000,2.50000,0.65649,6,6,3,8,235.0020,2.8840
259,493.6530,2.50000,1.04083,0.97335,0.356607,5.47949,0.00000,2.50000,0.97649,6,6,3,8,235.0020,2.8840
260,255.4810,2.50000,1.04083,1.25649,0.283144,6.68640,0.00000,2.50000,1.29649,6,6,3,8,479.9400,3.1890
261,251.2690,2.50000,1.04083,1.58911,0.332616,5.30896,0.00000,2.50000,1.61649,6,6,3,8,479.9400,3.1890
262,518.6630,2.50000,1.04083,1.89649,0.307384,6.23645,0.00000,2.50000,1.93649,6,6,3,8,479.9400,3.1890
263,249.1220,2.50000,1.04083,2.23173,0.335239,5.76355,0.00000,2.50000,2.25649,6,6,3,8,495.1500,2.9170
264,258.4030,2.50000,1.04083,2.55991,0.328179,6.28564,0.00000,2.50000,2.57649,6,6,3,8,495.1500,2.9170
265,496.4540,2.50000,1.04083,2.85219,0.292279,6.15344,0.00000,2.50000,2.86038,6,6,3,8,495.1500,2.9170
266,252.2190,2.50000,1.04083,2.86566,0.013469,6.07043,0.00000,2.50000,2.83733,6,6,3,8,482.7320,3.0180
267,250.0630,2.50000,1.04083,2.56205,0.303611,5.49036,0.00000,2.50000,2.52205,6,6,3,8,482.7320,3.0180
268,258.4790,2.50000,1.04083,2.24079,0.321253,6.00000,0.00000,2.50000,2.20205,6,6,3,8,482.7320,3.0180
269,246.8480,2.50000,1.04083,1.91080,0.330000,6.02356,0.00000,2.50000,1.88205,6,6,3,8,482.7320,3.0180
270,255.8960,2.50000,1.04083,1.58280,0.328000,6.18750,0.00000,2.50000,1.56205,6,6,3,8,235.3700,3.0150
